Keyword,Intent,Page Type,Priority,Notes
roblox devex calculator,Calculator / transactional,Main calculator,High,Primary keyword
roblox revenue calculator,Calculator / creator,Main calculator,High,Broader keyword
robux to usd devex calculator,Calculator,Main calculator,High,Strong exact-match intent
roblox gamepass calculator,Calculator,Calculator tab / supporting page,High,Product revenue angle
roblox creator earnings calculator,Calculator / informational,Main calculator,High,Good creator-business positioning
roblox developer product calculator,Calculator,Supporting page,Medium,Good long-tail keyword
how much do roblox developers make,Informational,Blog article,High,Top funnel
roblox devex rate,Informational,Blog article,High,Policy-sensitive; cite official docs
roblox gamepass pricing,Commercial / creator,Blog article,Medium,Use calculator CTA
roblox game break even calculator,Calculator / business,Supporting page,Medium,Lower volume but strong buyer intent
how many robux is 100 dollars devex,Informational / calculator,FAQ section,Medium,Use formula answer
roblox paid access calculator,Calculator,Future tool,Low,Add after validation
